{"ticker":"SPY","matrix":{"trend_score":{"trend_score":1.0,"momentum_score":0.6069565217391304,"trend_maturity":0.6817699878704012,"target_exposure":0.9052173913043479,"wasserstein_score":NaN,"entropy_score":0.5747826086956521,"hurst_score":-0.22,"score_risk_on":0.7217391304347827,"score_choppy":-0.6226086956521739,"score_transition":-0.5834782608695652,"score_risk_off":-0.5808695652173913,"score_crisis":0.3782608695652174,"pb_score":0.5165217391304348,"rv_score":-0.6139130434782609,"tf_fast_score":0.7365217391304347,"sr_score":-0.7808048231882555,"vol_fan_score":-0.7125082344715206,"breakout_score":-0.12440192564404588,"consolidation_score":-0.10178339370876481,"reversion_score":-0.3889247114368916,"ema_loop_score":0.5005173307126191},"momentum_score":{"trend_score":0.6069565217391304,"momentum_score":1.0,"trend_maturity":0.09976059247432707,"target_exposure":0.7843478260869565,"wasserstein_score":NaN,"entropy_score":0.0817391304347826,"hurst_score":-0.09913043478260869,"score_risk_on":0.8982608695652174,"score_choppy":-0.62,"score_transition":-0.6547826086956522,"score_risk_off":-0.5008695652173913,"score_crisis":0.4260869565217391,"pb_score":0.5756521739130435,"rv_score":-0.37130434782608696,"tf_fast_score":0.7043478260869566,"sr_score":-0.46588354366930484,"vol_fan_score":-0.7033735135167575,"breakout_score":-0.5645933548460544,"consolidation_score":-0.4645498482092343,"reversion_score":-0.4342539318840818,"ema_loop_score":0.5733198515435455},"trend_maturity":{"trend_score":0.6817699878704012,"momentum_score":0.09976059247432707,"trend_maturity":1.0,"target_exposure":0.5022880485716118,"wasserstein_score":NaN,"entropy_score":0.559791970871224,"hurst_score":-0.2361145900484073,"score_risk_on":0.2282731460984602,"score_choppy":-0.3280337385727873,"score_transition":-0.2639952796482192,"score_risk_off":-0.3881514755223818,"score_crisis":0.2605101934482427,"pb_score":0.03528649777476198,"rv_score":-0.47876371672177054,"tf_fast_score":0.34023154027270497,"sr_score":-0.7502822024772775,"vol_fan_score":-0.4253571732849363,"breakout_score":0.24210095718944488,"consolidation_score":0.3946398141044867,"reversion_score":0.019075631056820506,"ema_loop_score":0.19148162235041905},"target_exposure":{"trend_score":0.9052173913043479,"momentum_score":0.7843478260869565,"trend_maturity":0.5022880485716118,"target_exposure":1.0,"wasserstein_score":NaN,"entropy_score":0.37043478260869567,"hurst_score":-0.15217391304347827,"score_risk_on":0.8504347826086956,"score_choppy":-0.7069565217391305,"score_transition":-0.697391304347826,"score_risk_off":-0.6260869565217392,"score_crisis":0.34782608695652173,"pb_score":0.5356521739130434,"rv_score":-0.5678260869565217,"tf_fast_score":0.7547826086956522,"sr_score":-0.7638090715951693,"vol_fan_score":-0.6759693506524682,"breakout_score":-0.21748588399308721,"consolidation_score":-0.1887777473059997,"reversion_score":-0.4097761528425991,"ema_loop_score":0.5187179609203507},"wasserstein_score":{"trend_score":NaN,"momentum_score":NaN,"trend_maturity":NaN,"target_exposure":NaN,"wasserstein_score":NaN,"entropy_score":NaN,"hurst_score":NaN,"score_risk_on":NaN,"score_choppy":NaN,"score_transition":NaN,"score_risk_off":NaN,"score_crisis":NaN,"pb_score":NaN,"rv_score":NaN,"tf_fast_score":NaN,"sr_score":NaN,"vol_fan_score":NaN,"breakout_score":NaN,"consolidation_score":NaN,"reversion_score":NaN,"ema_loop_score":NaN},"entropy_score":{"trend_score":0.5747826086956521,"momentum_score":0.0817391304347826,"trend_maturity":0.559791970871224,"target_exposure":0.37043478260869567,"wasserstein_score":NaN,"entropy_score":1.0,"hurst_score":0.12782608695652173,"score_risk_on":0.08434782608695653,"score_choppy":0.009565217391304347,"score_transition":-0.0008695652173913044,"score_risk_off":0.09391304347826086,"score_crisis":0.6008695652173913,"pb_score":0.49043478260869566,"rv_score":-0.2826086956521739,"tf_fast_score":0.28956521739130436,"sr_score":-0.33591603148688076,"vol_fan_score":-0.30000346714590337,"breakout_score":-0.023923447239239594,"consolidation_score":-0.29708571753455715,"reversion_score":-0.18313005060664828,"ema_loop_score":0.17290598697345022},"hurst_score":{"trend_score":-0.22,"momentum_score":-0.09913043478260869,"trend_maturity":-0.2361145900484073,"target_exposure":-0.15217391304347827,"wasserstein_score":NaN,"entropy_score":0.12782608695652173,"hurst_score":1.0,"score_risk_on":-0.04,"score_choppy":0.01565217391304348,"score_transition":-0.04521739130434783,"score_risk_off":0.14608695652173914,"score_crisis":0.2643478260869565,"pb_score":-0.10695652173913044,"rv_score":0.38173913043478264,"tf_fast_score":-0.32521739130434785,"sr_score":0.24093977258434005,"vol_fan_score":0.5937568620596004,"breakout_score":0.014354068343543755,"consolidation_score":-0.4484558927937458,"reversion_score":0.03807654517563974,"ema_loop_score":-0.20930724738891343},"score_risk_on":{"trend_score":0.7217391304347827,"momentum_score":0.8982608695652174,"trend_maturity":0.2282731460984602,"target_exposure":0.8504347826086956,"wasserstein_score":NaN,"entropy_score":0.08434782608695653,"hurst_score":-0.04,"score_risk_on":1.0,"score_choppy":-0.8530434782608696,"score_transition":-0.8452173913043478,"score_risk_off":-0.7704347826086957,"score_crisis":0.36086956521739133,"pb_score":0.45304347826086955,"rv_score":-0.3834782608695652,"tf_fast_score":0.6408695652173914,"sr_score":-0.5828543046334865,"vol_fan_score":-0.5937568620596004,"breakout_score":-0.38147024052387496,"consolidation_score":-0.33797306372525754,"reversion_score":-0.4324407630661942,"ema_loop_score":0.5551192213358139},"score_choppy":{"trend_score":-0.6226086956521739,"momentum_score":-0.62,"trend_maturity":-0.3280337385727873,"target_exposure":-0.7069565217391305,"wasserstein_score":NaN,"entropy_score":0.009565217391304347,"hurst_score":0.01565217391304348,"score_risk_on":-0.8530434782608696,"score_choppy":1.0,"score_transition":0.9626086956521739,"score_risk_off":0.9347826086956522,"score_crisis":-0.24521739130434783,"pb_score":-0.11130434782608696,"rv_score":0.2573913043478261,"tf_fast_score":-0.3582608695652174,"sr_score":0.5188702986359854,"vol_fan_score":0.3384654501133269,"breakout_score":0.24358419007225768,"consolidation_score":0.10787299846057126,"reversion_score":0.38711154261900405,"ema_loop_score":-0.5005173307126191},"score_transition":{"trend_score":-0.5834782608695652,"momentum_score":-0.6547826086956522,"trend_maturity":-0.2639952796482192,"target_exposure":-0.697391304347826,"wasserstein_score":NaN,"entropy_score":-0.0008695652173913044,"hurst_score":-0.04521739130434783,"score_risk_on":-0.8452173913043478,"score_choppy":0.9626086956521739,"score_transition":1.0,"score_risk_off":0.8721739130434782,"score_crisis":-0.3391304347826087,"pb_score":-0.09565217391304348,"rv_score":0.2008695652173913,"tf_fast_score":-0.3356521739130435,"sr_score":0.4778805447938363,"vol_fan_score":0.31058051246194485,"breakout_score":0.24967379482406413,"consolidation_score":0.18964769084197206,"reversion_score":0.4097761528425991,"ema_loop_score":-0.5187179609203507},"score_risk_off":{"trend_score":-0.5808695652173913,"momentum_score":-0.5008695652173913,"trend_maturity":-0.3881514755223818,"target_exposure":-0.6260869565217392,"wasserstein_score":NaN,"entropy_score":0.09391304347826086,"hurst_score":0.14608695652173914,"score_risk_on":-0.7704347826086957,"score_choppy":0.9347826086956522,"score_transition":0.8721739130434782,"score_risk_off":1.0,"score_crisis":-0.10086956521739131,"pb_score":-0.03391304347826087,"rv_score":0.3373913043478261,"tf_fast_score":-0.29478260869565215,"sr_score":0.5168707984485635,"vol_fan_score":0.3298115039456566,"breakout_score":0.0408873461907004,"consolidation_score":-0.07220531348570496,"reversion_score":0.3435954909897015,"ema_loop_score":-0.4641160702971559},"score_crisis":{"trend_score":0.3782608695652174,"momentum_score":0.4260869565217391,"trend_maturity":0.2605101934482427,"target_exposure":0.34782608695652173,"wasserstein_score":NaN,