{"ticker":"GLD","matrix":{"trend_score":{"trend_score":1.0,"momentum_score":0.7773913043478261,"trend_maturity":0.10236162144620034,"target_exposure":-0.35043478260869565,"wasserstein_score":NaN,"entropy_score":-0.14782608695652175,"hurst_score":-0.15043478260869564,"score_risk_on":0.7060869565217391,"score_choppy":-0.2643478260869565,"score_transition":-0.3008695652173913,"score_risk_off":-0.38,"score_crisis":-0.22211318019123183,"pb_score":0.7143615273889412,"rv_score":-0.1808695652173913,"tf_fast_score":0.8730434782608696,"sr_score":0.18411234463226073,"vol_fan_score":-0.6332724617874584,"breakout_score":-0.20613177264851043,"consolidation_score":-0.5627310417872837,"reversion_score":0.030254451040802578,"ema_loop_score":NaN},"momentum_score":{"trend_score":0.7773913043478261,"momentum_score":1.0,"trend_maturity":0.07677121608465026,"target_exposure":-0.20956521739130435,"wasserstein_score":NaN,"entropy_score":0.07391304347826087,"hurst_score":0.059130434782608696,"score_risk_on":0.8939130434782608,"score_choppy":-0.36086956521739133,"score_transition":-0.37130434782608696,"score_risk_off":-0.4234782608695652,"score_crisis":-0.39255104907266686,"pb_score":0.8334969937380761,"rv_score":-0.40956521739130436,"tf_fast_score":0.8547826086956521,"sr_score":-0.13791688361543894,"vol_fan_score":-0.7270555189556833,"breakout_score":-0.21265493001080507,"consolidation_score":-0.5075016427865225,"reversion_score":-0.27834094957538374,"ema_loop_score":NaN},"trend_maturity":{"trend_score":0.10236162144620034,"momentum_score":0.07677121608465026,"trend_maturity":1.0,"target_exposure":-0.9032465299836012,"wasserstein_score":NaN,"entropy_score":-0.3099282427121066,"hurst_score":0.5279205846808666,"score_risk_on":0.3961773867084421,"score_choppy":-0.8359532418106361,"score_transition":-0.8463789625134899,"score_risk_off":-0.6596637826532911,"score_crisis":0.2608695652173913,"pb_score":0.413660811533166,"rv_score":0.03412054048206678,"tf_fast_score":0.04170288281141495,"sr_score":0.38529677944076135,"vol_fan_score":-0.19979352172066653,"breakout_score":0.3673495738629863,"consolidation_score":0.15025782569621504,"reversion_score":0.018136906252750294,"ema_loop_score":NaN},"target_exposure":{"trend_score":-0.35043478260869565,"momentum_score":-0.20956521739130435,"trend_maturity":-0.9032465299836012,"target_exposure":1.0,"wasserstein_score":NaN,"entropy_score":0.5278260869565218,"hurst_score":-0.24434782608695652,"score_risk_on":-0.4591304347826087,"score_choppy":0.7947826086956522,"score_transition":0.7521739130434782,"score_risk_off":0.571304347826087,"score_crisis":-0.39073788025477924,"pb_score":-0.4751880532789356,"rv_score":0.0008695652173913044,"tf_fast_score":-0.2826086956521739,"sr_score":-0.6413804587552937,"vol_fan_score":0.33913469157802556,"breakout_score":-0.29267232698828594,"consolidation_score":0.11437269241889925,"reversion_score":-0.10135241098668864,"ema_loop_score":NaN},"wasserstein_score":{"trend_score":NaN,"momentum_score":NaN,"trend_maturity":NaN,"target_exposure":NaN,"wasserstein_score":NaN,"entropy_score":NaN,"hurst_score":NaN,"score_risk_on":NaN,"score_choppy":NaN,"score_transition":NaN,"score_risk_off":NaN,"score_crisis":NaN,"pb_score":NaN,"rv_score":NaN,"tf_fast_score":NaN,"sr_score":NaN,"vol_fan_score":NaN,"breakout_score":NaN,"consolidation_score":NaN,"reversion_score":NaN,"ema_loop_score":NaN},"entropy_score":{"trend_score":-0.14782608695652175,"momentum_score":0.07391304347826087,"trend_maturity":-0.3099282427121066,"target_exposure":0.5278260869565218,"wasserstein_score":NaN,"entropy_score":1.0,"hurst_score":0.41130434782608694,"score_risk_on":-0.04869565217391304,"score_choppy":0.25478260869565217,"score_transition":0.24,"score_risk_off":0.12,"score_crisis":-0.47958315233127197,"pb_score":0.015343203999509792,"rv_score":0.05304347826086957,"tf_fast_score":-0.057391304347826085,"sr_score":-0.6159394802242903,"vol_fan_score":0.12409677261654009,"breakout_score":-0.07436399393015883,"consolidation_score":0.24831485692468241,"reversion_score":-0.21631932494173844,"ema_loop_score":NaN},"hurst_score":{"trend_score":-0.15043478260869564,"momentum_score":0.059130434782608696,"trend_maturity":0.5279205846808666,"target_exposure":-0.24434782608695652,"wasserstein_score":NaN,"entropy_score":0.41130434782608694,"hurst_score":1.0,"score_risk_on":0.2573913043478261,"score_choppy":-0.5339130434782609,"score_transition":-0.5695652173913044,"score_risk_off":-0.5173913043478261,"score_crisis":-0.28466750440835425,"pb_score":0.33033015669532845,"rv_score":-0.08521739130434783,"tf_fast_score":-0.12347826086956522,"sr_score":-0.3340802180781749,"vol_fan_score":0.020840679370716656,"breakout_score":0.23091977062523006,"consolidation_score":0.522287466141057,"reversion_score":-0.3464134644171895,"ema_loop_score":NaN},"score_risk_on":{"trend_score":0.7060869565217391,"momentum_score":0.8939130434782608,"trend_maturity":0.3961773867084421,"target_exposure":-0.4591304347826087,"wasserstein_score":NaN,"entropy_score":-0.04869565217391304,"hurst_score":0.2573913043478261,"score_risk_on":1.0,"score_choppy":-0.6495652173913044,"score_transition":-0.7017391304347826,"score_risk_off":-0.7339130434782609,"score_crisis":-0.4152156592962619,"pb_score":0.9436070459698522,"rv_score":-0.4826086956521739,"tf_fast_score":0.7678260869565218,"sr_score":-0.08301792994327392,"vol_fan_score":-0.7872092980484336,"breakout_score":-0.12393998988359804,"consolidation_score":-0.3205044650674097,"reversion_score":-0.3509516320733099,"ema_loop_score":NaN},"score_choppy":{"trend_score":-0.2643478260869565,"momentum_score":-0.36086956521739133,"trend_maturity":-0.8359532418106361,"target_exposure":0.7947826086956522,"wasserstein_score":NaN,"entropy_score":0.25478260869565217,"hurst_score":-0.5339130434782609,"score_risk_on":-0.6495652173913044,"score_choppy":1.0,"score_transition":0.8878260869565218,"score_risk_off":0.8356521739130435,"score_crisis":0.08612551884966131,"pb_score":-0.6223023033918824,"rv_score":0.3773913043478261,"tf_fast_score":-0.3391304347826087,"sr_score":-0.1539848700560726,"vol_fan_score":0.40402498870957515,"breakout_score":-0.28006088942118296,"consolidation_score":0.060013047733110635,"reversion_score":0.2193447700458187,"ema_loop_score":NaN},"score_transition":{"trend_score":-0.3008695652173913,"momentum_score":-0.37130434782608696,"trend_maturity":-0.8463789625134899,"target_exposure":0.7521739130434782,"wasserstein_score":NaN,"entropy_score":0.24,"hurst_score":-0.5695652173913044,"score_risk_on":-0.7017391304347826,"score_choppy":0.8878260869565218,"score_transition":1.0,"score_risk_off":0.9008695652173913,"score_crisis":0.15774568715622178,"pb_score":-0.6633679376258645,"rv_score":0.24347826086956523,"tf_fast_score":-0.2747826086956522,"sr_score":-0.0763229355930099,"vol_fan_score":0.4438117402354888,"breakout_score":-0.1909110721364896,"consolidation_score":-0.09871711474939213,"reversion_score":0.17093764838053457,"ema_loop_score":NaN},"score_risk_off":{"trend_score":-0.38,"momentum_score":-0.4234782608695652,"trend_maturity":-0.6596637826532911,"target_exposure":0.571304347826087,"wasserstein_score":NaN,"entropy_score":0.12,"hurst_score":-0.5173913043478261,"score_risk_on":-0.7339130434782609,"score_choppy":0.8356521739130435,"score_transition":0.9008695652173913,"score_risk_off":1.0,"score_crisis":0.47958315233127197,"pb_score":-0.6940543456248841,"rv_score":0.41043478260869565,"tf_fast_score":-0.39043478260869563,"sr_score":0.06159394802242904,"vol_fan_score":0.5300163685416349,"breakout_score":-0.12524462135605696,"consolidation_score":-0.018264840614424974,"reversion_score":0.30103178785598567,"ema_loop_score":NaN},"score_crisis":{"trend_score":-0.22211318019123183,"momentum_score":-0.39255104907266686,"trend_maturity":0.2608695652173913,"target_exposure":-0.39073788025477924,"wasserstein_score":NaN,"entropy_score":-0.47958315233127197,"hurst_score":-0.28466750440835425,"score_risk_on":-0.4152156592962619,"score_choppy":0.08612551884966131,