{"ticker":"SPY","matrix":{"trend_score":{"trend_score":1.0,"momentum_score":0.6095652173913043,"trend_maturity":0.6817699878704012,"target_exposure":0.9060869565217391,"pb_score":0.5608695652173913,"rv_score":-0.6165217391304347,"tf_fast_score":0.70102197786793,"sr_score":-0.7968008246876308,"vol_fan_score":-0.7125082344715206,"breakout_score":-0.12440192564404588,"consolidation_score":-0.10178339370876481,"reversion_score":-0.3889247114368916,"ema_loop_score":0.6299068254080536},"momentum_score":{"trend_score":0.6095652173913043,"momentum_score":1.0,"trend_maturity":0.09758241359934176,"target_exposure":0.7843478260869565,"pb_score":0.611304347826087,"rv_score":-0.37130434782608696,"tf_fast_score":0.6779734885211557,"sr_score":-0.49187704610578964,"vol_fan_score":-0.7033735135167575,"breakout_score":-0.5724228466698056,"consolidation_score":-0.47846894478479185,"reversion_score":-0.4342539318840818,"ema_loop_score":0.6460582824697986},"trend_maturity":{"trend_score":0.6817699878704012,"momentum_score":0.09758241359934176,"trend_maturity":1.0,"target_exposure":0.5001098696966265,"pb_score":0.07623626062448575,"rv_score":-0.4765855378467852,"tf_fast_score":0.30566495228738716,"sr_score":-0.7542890500205474,"vol_fan_score":-0.4253571732849363,"breakout_score":0.24210095718944488,"consolidation_score":0.3946398141044867,"reversion_score":0.019075631056820506,"ema_loop_score":0.299388289488785},"target_exposure":{"trend_score":0.9060869565217391,"momentum_score":0.7843478260869565,"trend_maturity":0.5001098696966265,"target_exposure":1.0,"pb_score":0.5704347826086956,"rv_score":-0.568695652173913,"tf_fast_score":0.7184170641673824,"sr_score":-0.7788053230008336,"vol_fan_score":-0.6759693506524682,"breakout_score":-0.21748588399308721,"consolidation_score":-0.1887777473059997,"reversion_score":-0.3889247114368916,"ema_loop_score":0.6299068254080536},"pb_score":{"trend_score":0.5608695652173913,"momentum_score":0.611304347826087,"trend_maturity":0.07623626062448575,"target_exposure":0.5704347826086956,"pb_score":1.0,"rv_score":-0.4,"tf_fast_score":0.588388794078976,"sr_score":-0.2729317755830906,"vol_fan_score":-0.6653923053364268,"breakout_score":-0.5115267991517412,"consolidation_score":-0.5097869120797964,"reversion_score":-0.47958315233127197,"ema_loop_score":0.6137553683463086},"rv_score":{"trend_score":-0.6165217391304347,"momentum_score":-0.37130434782608696,"trend_maturity":-0.4765855378467852,"target_exposure":-0.568695652173913,"pb_score":-0.4,"rv_score":1.0,"tf_fast_score":-0.6340508956150385,"sr_score":0.5108722978862978,"vol_fan_score":0.6533729356591069,"breakout_score":0.0730752570216773,"consolidation_score":-0.07829491823751139,"reversion_score":0.47958315233127197,"ema_loop_score":-0.468392254790604},"tf_fast_score":{"trend_score":0.70102197786793,"momentum_score":0.6779734885211557,"trend_maturity":0.30566495228738716,"target_exposure":0.7184170641673824,"pb_score":0.588388794078976,"rv_score":-0.6340508956150385,"tf_fast_score":1.0,"sr_score":-0.6789779335757323,"vol_fan_score":-0.8179757529932631,"breakout_score":-0.38155319588867503,"consolidation_score":-0.14183163267925664,"reversion_score":-0.4552043415139209,"ema_loop_score":0.43618417362260437},"sr_score":{"trend_score":-0.7968008246876308,"momentum_score":-0.49187704610578964,"trend_maturity":-0.7542890500205474,"target_exposure":-0.7788053230008336,"pb_score":-0.2729317755830906,"rv_score":0.5108722978862978,"tf_fast_score":-0.6789779335757323,"sr_score":1.0,"vol_fan_score":0.6168721629865823,"breakout_score":-0.04300795720819337,"consolidation_score":-0.23204293191397354,"reversion_score":0.08651185657236278,"ema_loop_score":-0.4270992778072193},"vol_fan_score":{"trend_score":-0.7125082344715206,"momentum_score":-0.7033735135167575,"trend_maturity":-0.4253571732849363,"target_exposure":-0.6759693506524682,"pb_score":-0.6653923053364268,"rv_score":0.6533729356591069,"tf_fast_score":-0.8179757529932631,"sr_score":0.6168721629865823,"vol_fan_score":1.0,"breakout_score":0.4401003197705034,"consolidation_score":0.07455251318516724,"reversion_score":0.45713303698975366,"ema_loop_score":-0.6786796450506385},"breakout_score":{"trend_score":-0.12440192564404588,"momentum_score":-0.5724228466698056,"trend_maturity":0.24210095718944488,"target_exposure":-0.21748588399308721,"pb_score":-0.5115267991517412,"rv_score":0.0730752570216773,"tf_fast_score":-0.38155319588867503,"sr_score":-0.04300795720819337,"vol_fan_score":0.4401003197705034,"breakout_score":1.0,"consolidation_score":0.5857267188859878,"reversion_score":0.35780314974871275,"ema_loop_score":-0.4120413424465044},"consolidation_score":{"trend_score":-0.10178339370876481,"momentum_score":-0.47846894478479185,"trend_maturity":0.3946398141044867,"target_exposure":-0.1887777473059997,"pb_score":-0.5097869120797964,"rv_score":-0.07829491823751139,"tf_fast_score":-0.14183163267925664,"sr_score":-0.23204293191397354,"vol_fan_score":0.07455251318516724,"breakout_score":0.5857267188859878,"consolidation_score":1.0,"reversion_score":0.3142681657488694,"ema_loop_score":-0.23429801825389465},"reversion_score":{"trend_score":-0.3889247114368916,"momentum_score":-0.4342539318840818,"trend_maturity":0.019075631056820506,"target_exposure":-0.3889247114368916,"pb_score":-0.47958315233127197,"rv_score":0.47958315233127197,"tf_fast_score":-0.4552043415139209,"sr_score":0.08651185657236278,"vol_fan_score":0.45713303698975366,"breakout_score":0.35780314974871275,"consolidation_score":0.3142681657488694,"reversion_score":1.0,"ema_loop_score":-0.6735623210795508},"ema_loop_score":{"trend_score":0.6299068254080536,"momentum_score":0.6460582824697986,"trend_maturity":0.299388289488785,"target_exposure":0.6299068254080536,"pb_score":0.6137553683463086,"rv_score":-0.468392254790604,"tf_fast_score":0.43618417362260437,"sr_score":-0.4270992778072193,"vol_fan_score":-0.6786796450506385,"breakout_score":-0.4120413424465044,"consolidation_score":-0.23429801825389465,"reversion_score":-0.6735623210795508,"ema_loop_score":1.0}}}