{"ticker":"QQQ","matrix":{"trend_score":{"trend_score":1.0,"momentum_score":0.6104347826086957,"trend_maturity":0.6281625670973567,"target_exposure":0.9139130434782609,"pb_score":0.4,"rv_score":-0.6513043478260869,"tf_fast_score":0.5677573387206546,"sr_score":-0.6509452828284121,"vol_fan_score":-0.7131020665641677,"breakout_score":-0.1174423773562671,"consolidation_score":-0.10700305492459891,"reversion_score":-0.22591967055246226,"ema_loop_score":0.6299068254080536},"momentum_score":{"trend_score":0.6104347826086957,"momentum_score":1.0,"trend_maturity":0.10854439917227053,"target_exposure":0.8139130434782609,"pb_score":0.7147826086956521,"rv_score":-0.38782608695652177,"tf_fast_score":0.6370385488945487,"sr_score":-0.24625339036335364,"vol_fan_score":-0.8208551942274633,"breakout_score":-0.5933014915331419,"consolidation_score":-0.4297521067703403,"reversion_score":-0.34641016151377546,"ema_loop_score":0.6460582824697986},"trend_maturity":{"trend_score":0.6281625670973567,"momentum_score":0.10854439917227053,"trend_maturity":1.0,"target_exposure":0.4324339115618167,"pb_score":0.06669595611790116,"rv_score":-0.6547537652881539,"tf_fast_score":0.10222805693765344,"sr_score":-0.6792032898248992,"vol_fan_score":-0.3233415816595911,"breakout_score":0.31051098679173716,"consolidation_score":0.35891930074381984,"reversion_score":-0.3171158794467152,"ema_loop_score":0.5829752480681661},"target_exposure":{"trend_score":0.9139130434782609,"momentum_score":0.8139130434782609,"trend_maturity":0.4324339115618167,"target_exposure":1.0,"pb_score":0.4973913043478261,"rv_score":-0.5765217391304348,"tf_fast_score":0.6954264870285224,"sr_score":-0.5408282007225351,"vol_fan_score":-0.7898507565507603,"breakout_score":-0.3214441365417829,"consolidation_score":-0.19356243675384763,"reversion_score":-0.25604229329279055,"ema_loop_score":0.6460582824697986},"pb_score":{"trend_score":0.4,"momentum_score":0.7147826086956521,"trend_maturity":0.06669595611790116,"target_exposure":0.4973913043478261,"pb_score":1.0,"rv_score":-0.2634782608695652,"tf_fast_score":0.45664596391346585,"sr_score":-0.2351022934412395,"vol_fan_score":-0.681589359417355,"breakout_score":-0.5732927902057778,"consolidation_score":-0.3331883742774096,"reversion_score":-0.34641016151377546,"ema_loop_score":0.6137553683463086},"rv_score":{"trend_score":-0.6513043478260869,"momentum_score":-0.38782608695652177,"trend_maturity":-0.6547537652881539,"target_exposure":-0.5765217391304348,"pb_score":-0.2634782608695652,"rv_score":1.0,"tf_fast_score":-0.43050211101765673,"sr_score":0.5928666530257344,"vol_fan_score":0.611448172542191,"breakout_score":-0.14180079636349285,"consolidation_score":-0.24358419007225768,"reversion_score":0.34641016151377546,"ema_loop_score":-0.6460582824697986},"tf_fast_score":{"trend_score":0.5677573387206546,"momentum_score":0.6370385488945487,"trend_maturity":0.10222805693765344,"target_exposure":0.6954264870285224,"pb_score":0.45664596391346585,"rv_score":-0.43050211101765673,"tf_fast_score":1.0,"sr_score":-0.5152333235798024,"vol_fan_score":-0.7228074102230213,"breakout_score":-0.3533135275204048,"consolidation_score":0.014603335190541097,"reversion_score":-0.12075328405639495,"ema_loop_score":0.2589869413848124},"sr_score":{"trend_score":-0.6509452828284121,"momentum_score":-0.24625339036335364,"trend_maturity":-0.6792032898248992,"target_exposure":-0.5408282007225351,"pb_score":-0.2351022934412395,"rv_score":0.5928666530257344,"tf_fast_score":-0.5152333235798024,"sr_score":1.0,"vol_fan_score":0.4991645333734935,"breakout_score":-0.01859324731558915,"consolidation_score":-0.27936354091672694,"reversion_score":-0.19314266429226595,"ema_loop_score":-0.38835456112165345},"vol_fan_score":{"trend_score":-0.7131020665641677,"momentum_score":-0.8208551942274633,"trend_maturity":-0.3233415816595911,"target_exposure":-0.7898507565507603,"pb_score":-0.681589359417355,"rv_score":0.611448172542191,"tf_fast_score":-0.7228074102230213,"sr_score":0.4991645333734935,"vol_fan_score":1.0,"breakout_score":0.41035191505728624,"consolidation_score":0.14746227430807066,"reversion_score":0.2993185056965864,"ema_loop_score":-0.6419666752419568},"breakout_score":{"trend_score":-0.1174423773562671,"momentum_score":-0.5933014915331419,"trend_maturity":0.31051098679173716,"target_exposure":-0.3214441365417829,"pb_score":-0.5732927902057778,"rv_score":-0.14180079636349285,"tf_fast_score":-0.3533135275204048,"sr_score":-0.01859324731558915,"vol_fan_score":0.41035191505728624,"breakout_score":1.0,"consolidation_score":0.6840731070496083,"reversion_score":0.015067864040202314,"ema_loop_score":-0.20198105021887472},"consolidation_score":{"trend_score":-0.10700305492459891,"momentum_score":-0.4297521067703403,"trend_maturity":0.35891930074381984,"target_exposure":-0.19356243675384763,"pb_score":-0.3331883742774096,"rv_score":-0.24358419007225768,"tf_fast_score":0.014603335190541097,"sr_score":-0.27936354091672694,"vol_fan_score":0.14746227430807066,"breakout_score":0.6840731070496083,"consolidation_score":1.0,"reversion_score":-0.04520359212060694,"ema_loop_score":-0.040396210043774944},"reversion_score":{"trend_score":-0.22591967055246226,"momentum_score":-0.34641016151377546,"trend_maturity":-0.3171158794467152,"target_exposure":-0.25604229329279055,"pb_score":-0.34641016151377546,"rv_score":0.34641016151377546,"tf_fast_score":-0.12075328405639495,"sr_score":-0.19314266429226595,"vol_fan_score":0.2993185056965864,"breakout_score":0.015067864040202314,"consolidation_score":-0.04520359212060694,"reversion_score":1.0,"ema_loop_score":-0.4662524041201569},"ema_loop_score":{"trend_score":0.6299068254080536,"momentum_score":0.6460582824697986,"trend_maturity":0.5829752480681661,"target_exposure":0.6460582824697986,"pb_score":0.6137553683463086,"rv_score":-0.6460582824697986,"tf_fast_score":0.2589869413848124,"sr_score":-0.38835456112165345,"vol_fan_score":-0.6419666752419568,"breakout_score":-0.20198105021887472,"consolidation_score":-0.040396210043774944,"reversion_score":-0.4662524041201569,"ema_loop_score":1.0}}}