{"ticker":"TLT","matrix":{"trend_score":{"trend_score":1.0,"momentum_score":0.5191304347826087,"trend_maturity":0.4678260869565217,"target_exposure":0.7626086956521739,"wasserstein_score":NaN,"entropy_score":-0.29043478260869565,"hurst_score":-0.3443478260869565,"score_risk_on":0.7982608695652174,"score_choppy":-0.6034782608695652,"score_transition":-0.7,"score_risk_off":-0.7347826086956522,"score_crisis":NaN,"pb_score":0.5152887558514558,"rv_score":-0.3551500455180649,"tf_fast_score":0.4740751991773386,"sr_score":-0.7443478260869565,"vol_fan_score":-0.13555180233147734,"breakout_score":0.09140375378674888,"consolidation_score":0.025685698876919818,"reversion_score":-0.1876629726513673,"ema_loop_score":0.5195855393182173},"momentum_score":{"trend_score":0.5191304347826087,"momentum_score":1.0,"trend_maturity":0.043478260869565216,"target_exposure":0.48869565217391303,"wasserstein_score":NaN,"entropy_score":0.09913043478260869,"hurst_score":0.20869565217391303,"score_risk_on":0.7973913043478261,"score_choppy":-0.2617391304347826,"score_transition":-0.32608695652173914,"score_risk_off":-0.2756521739130435,"score_crisis":NaN,"pb_score":0.5930187546154889,"rv_score":-0.5997387680984857,"tf_fast_score":0.4836612785724686,"sr_score":-0.35739130434782607,"vol_fan_score":-0.34641016151377546,"breakout_score":0.15146907770375528,"consolidation_score":-0.023944295563230338,"reversion_score":-0.2710687382741972,"ema_loop_score":0.5871812296024607},"trend_maturity":{"trend_score":0.4678260869565217,"momentum_score":0.043478260869565216,"trend_maturity":1.0,"target_exposure":0.648695652173913,"wasserstein_score":NaN,"entropy_score":-0.6060869565217392,"hurst_score":-0.6652173913043479,"score_risk_on":0.46869565217391307,"score_choppy":-0.38,"score_transition":-0.6173913043478261,"score_risk_off":-0.9173913043478261,"score_crisis":NaN,"pb_score":0.6611416748805967,"rv_score":-0.30776662140193173,"tf_fast_score":0.22352994225916792,"sr_score":-0.35391304347826086,"vol_fan_score":0.22591967055246226,"breakout_score":0.18237225160308468,"consolidation_score":0.1802352429668611,"reversion_score":-0.3336230624913196,"ema_loop_score":0.21225046749252413},"target_exposure":{"trend_score":0.7626086956521739,"momentum_score":0.48869565217391303,"trend_maturity":0.648695652173913,"target_exposure":1.0,"wasserstein_score":NaN,"entropy_score":-0.06086956521739131,"hurst_score":-0.3826086956521739,"score_risk_on":0.648695652173913,"score_choppy":-0.16260869565217392,"score_transition":-0.3808695652173913,"score_risk_off":-0.7747826086956522,"score_crisis":NaN,"pb_score":0.8078679646823671,"rv_score":-0.6209484912742786,"tf_fast_score":0.6858404076333924,"sr_score":-0.6921739130434783,"vol_fan_score":-0.13555180233147734,"breakout_score":0.4230688032415234,"consolidation_score":0.32085356054728653,"reversion_score":-0.22936585546278224,"ema_loop_score":0.7895176625199624},"wasserstein_score":{"trend_score":NaN,"momentum_score":NaN,"trend_maturity":NaN,"target_exposure":NaN,"wasserstein_score":NaN,"entropy_score":NaN,"hurst_score":NaN,"score_risk_on":NaN,"score_choppy":NaN,"score_transition":NaN,"score_risk_off":NaN,"score_crisis":NaN,"pb_score":NaN,"rv_score":NaN,"tf_fast_score":NaN,"sr_score":NaN,"vol_fan_score":NaN,"breakout_score":NaN,"consolidation_score":NaN,"reversion_score":NaN,"ema_loop_score":NaN},"entropy_score":{"trend_score":-0.29043478260869565,"momentum_score":0.09913043478260869,"trend_maturity":-0.6060869565217392,"target_exposure":-0.06086956521739131,"wasserstein_score":NaN,"entropy_score":1.0,"hurst_score":0.36782608695652175,"score_risk_on":-0.3939130434782609,"score_choppy":0.7582608695652174,"score_transition":0.7965217391304348,"score_risk_off":0.6069565217391304,"score_crisis":NaN,"pb_score":-0.15283988521017758,"rv_score":-0.19494894493494794,"tf_fast_score":0.20958655404806972,"sr_score":-0.10608695652173913,"vol_fan_score":-0.34641016151377546,"breakout_score":0.35081631215295045,"consolidation_score":0.3478453119094735,"reversion_score":0.12510864843424485,"ema_loop_score":0.35825715850648976},"hurst_score":{"trend_score":-0.3443478260869565,"momentum_score":0.20869565217391303,"trend_maturity":-0.6652173913043479,"target_exposure":-0.3826086956521739,"wasserstein_score":NaN,"entropy_score":0.36782608695652175,"hurst_score":1.0,"score_risk_on":-0.10782608695652174,"score_choppy":0.3234782608695652,"score_transition":0.44956521739130434,"score_risk_off":0.551304347826087,"score_crisis":NaN,"pb_score":-0.20349539002269357,"rv_score":-0.02391734741100056,"tf_fast_score":0.03834431758052003,"sr_score":0.39652173913043476,"vol_fan_score":-0.22591967055246226,"breakout_score":-0.12840051127186153,"consolidation_score":-0.2638226020239561,"reversion_score":0.2502172968684897,"ema_loop_score":0.09553524226839728},"score_risk_on":{"trend_score":0.7982608695652174,"momentum_score":0.7973913043478261,"trend_maturity":0.46869565217391307,"target_exposure":0.648695652173913,"wasserstein_score":NaN,"entropy_score":-0.3939130434782609,"hurst_score":-0.10782608695652174,"score_risk_on":1.0,"score_choppy":-0.6313043478260869,"score_transition":-0.72,"score_risk_off":-0.711304347826087,"score_crisis":NaN,"pb_score":0.6663818995163742,"rv_score":-0.47789567751414325,"tf_fast_score":0.4601318109662404,"sr_score":-0.4782608695652174,"vol_fan_score":-0.22591967055246226,"breakout_score":-0.011316655230740338,"consolidation_score":-0.14976068497729522,"reversion_score":-0.3544745038970271,"ema_loop_score":0.47091664231356206},"score_choppy":{"trend_score":-0.6034782608695652,"momentum_score":-0.2617391304347826,"trend_maturity":-0.38,"target_exposure":-0.16260869565217392,"wasserstein_score":NaN,"entropy_score":0.7582608695652174,"hurst_score":0.3234782608695652,"score_risk_on":-0.6313043478260869,"score_choppy":1.0,"score_transition":0.8965217391304348,"score_risk_off":0.5173913043478261,"score_crisis":NaN,"pb_score":-0.13013224512180832,"rv_score":-0.13086850470170117,"tf_fast_score":0.06840974841070051,"sr_score":0.2408695652173913,"vol_fan_score":-0.16567442507180566,"breakout_score":0.3708380867919526,"consolidation_score":0.40487627043280394,"reversion_score":0.10425720702853739,"ema_loop_score":0.1644828463583255},"score_transition":{"trend_score":-0.7,"momentum_score":-0.32608695652173914,"trend_maturity":-0.6173913043478261,"target_exposure":-0.3808695652173913,"wasserstein_score":NaN,"entropy_score":0.7965217391304348,"hurst_score":0.44956521739130434,"score_risk_on":-0.72,"score_choppy":0.8965217391304348,"score_transition":1.0,"score_risk_off":0.7434782608695653,"score_crisis":NaN,"pb_score":-0.3720559491402037,"rv_score":0.07491093717407722,"tf_fast_score":-0.05010905138363413,"sr_score":0.26869565217391306,"vol_fan_score":-0.13555180233147734,"breakout_score":0.19151262698175955,"consolidation_score":0.20287348604482433,"reversion_score":0.14596008983995234,"ema_loop_score":0.009463396639794069},"score_risk_off":{"trend_score":-0.7347826086956522,"momentum_score":-0.2756521739130435,"trend_maturity":-0.9173913043478261,"target_exposure":-0.7747826086956522,"wasserstein_score":NaN,"entropy_score":0.6069565217391304,"hurst_score":0.551304347826087,"score_risk_on":-0.711304347826087,"score_choppy":0.5173913043478261,"score_transition":0.7434782608695653,"score_risk_off":1.0,"score_crisis":NaN,"pb_score":-0.7187841458741494,"rv_score":0.35424750410632905,"tf_fast_score":-0.34902043615905165,"sr_score":0.46869565217391307,"vol_fan_score":-0.13555180233147734,"breakout_score":-0.2158869613248926,"consolidation_score":-0.17849383965317162,"reversion_score":0.3544745038970271,"ema_loop_score":-0.3591584343769464},"score_crisis":{"trend_score":NaN,"momentum_score":NaN,"trend_maturity":NaN,"target_exposure":NaN,"wasserstein_score":NaN,"entropy_score":NaN,"hurst_score":NaN,"score_risk_on":NaN,"score_choppy":NaN,"score_transition":NaN,"score_risk_off":NaN,"score_crisis":NaN,"pb_score":NaN,"rv_score":NaN,"tf_fast_score":NaN,"sr_score":NaN,"vol_fan_score":NaN,