{"ticker":"TLT","matrix":{"trend_score":{"trend_score":1.0,"momentum_score":0.5069565217391304,"trend_maturity":0.4747826086956522,"target_exposure":0.7443478260869565,"pb_score":0.5257692051230108,"rv_score":-0.36372418892955566,"tf_fast_score":0.4771253153485163,"sr_score":-0.7443478260869565,"vol_fan_score":-0.13555180233147734,"breakout_score":0.10663771275120702,"consolidation_score":0.04309973201381461,"reversion_score":-0.1876629726513673,"ema_loop_score":0.5299502118284679},"momentum_score":{"trend_score":0.5069565217391304,"momentum_score":1.0,"trend_maturity":0.07391304347826087,"target_exposure":0.52,"pb_score":0.6279535855206724,"rv_score":-0.6200459498625428,"tf_fast_score":0.48496847121725906,"sr_score":-0.3730434782608696,"vol_fan_score":-0.34641016151377546,"breakout_score":0.18367801951432394,"consolidation_score":0.012189823195826354,"reversion_score":-0.2710687382741972,"ema_loop_score":0.6029535573354508},"trend_maturity":{"trend_score":0.4747826086956522,"momentum_score":0.07391304347826087,"trend_maturity":1.0,"target_exposure":0.6608695652173913,"pb_score":0.6611416748805967,"rv_score":-0.30776662140193173,"tf_fast_score":0.22352994225916792,"sr_score":-0.3652173913043478,"vol_fan_score":0.22591967055246226,"breakout_score":0.18237225160308468,"consolidation_score":0.1802352429668611,"reversion_score":-0.3336230624913196,"ema_loop_score":0.21225046749252413},"target_exposure":{"trend_score":0.7443478260869565,"momentum_score":0.52,"trend_maturity":0.6608695652173913,"target_exposure":1.0,"pb_score":0.8183484139539222,"rv_score":-0.6340353417444488,"tf_fast_score":0.6684111723695196,"sr_score":-0.7182608695652174,"vol_fan_score":-0.13555180233147734,"breakout_score":0.4448316017621779,"consolidation_score":0.3434918036252498,"reversion_score":-0.22936585546278224,"ema_loop_score":0.7845606452324512},"pb_score":{"trend_score":0.5257692051230108,"momentum_score":0.6279535855206724,"trend_maturity":0.6611416748805967,"target_exposure":0.8183484139539222,"pb_score":1.0,"rv_score":-0.7338046940844382,"tf_fast_score":0.4196946590483111,"sr_score":-0.45677291408527354,"vol_fan_score":-0.10589057864280903,"breakout_score":0.43803514128631277,"consolidation_score":0.2964596309128416,"reversion_score":-0.3769685174625259,"ema_loop_score":0.5960875042240463},"rv_score":{"trend_score":-0.36372418892955566,"momentum_score":-0.6200459498625428,"trend_maturity":-0.30776662140193173,"target_exposure":-0.6340353417444488,"pb_score":-0.7338046940844382,"rv_score":1.0,"tf_fast_score":-0.5246157301277526,"sr_score":0.40208219892833014,"vol_fan_score":0.2188546613486056,"breakout_score":-0.2392079889035354,"consolidation_score":-0.1407545376439639,"reversion_score":0.18395855352366713,"ema_loop_score":-0.7247434637135832},"tf_fast_score":{"trend_score":0.4771253153485163,"momentum_score":0.48496847121725906,"trend_maturity":0.22352994225916792,"target_exposure":0.6684111723695196,"pb_score":0.4196946590483111,"rv_score":-0.5246157301277526,"tf_fast_score":1.0,"sr_score":-0.48061116240129087,"vol_fan_score":-0.34716569166213546,"breakout_score":0.08309710502642426,"consolidation_score":0.008944156982842929,"reversion_score":-0.020896918976428643,"ema_loop_score":0.8341435973483514},"sr_score":{"trend_score":-0.7443478260869565,"momentum_score":-0.3730434782608696,"trend_maturity":-0.3652173913043478,"target_exposure":-0.7182608695652174,"pb_score":-0.45677291408527354,"rv_score":0.40208219892833014,"tf_fast_score":-0.48061116240129087,"sr_score":1.0,"vol_fan_score":0.3162875387734472,"breakout_score":-0.16147996502325637,"consolidation_score":-0.059207712665442294,"reversion_score":0.12510864843424485,"ema_loop_score":-0.54256807401486},"vol_fan_score":{"trend_score":-0.13555180233147734,"momentum_score":-0.34641016151377546,"trend_maturity":0.22591967055246226,"target_exposure":-0.13555180233147734,"pb_score":-0.10589057864280903,"rv_score":0.2188546613486056,"tf_fast_score":-0.34716569166213546,"sr_score":0.3162875387734472,"vol_fan_score":1.0,"breakout_score":0.1960102183138236,"consolidation_score":0.2563769163412134,"reversion_score":0.0,"ema_loop_score":-0.28099000786799855},"breakout_score":{"trend_score":0.10663771275120702,"momentum_score":0.18367801951432394,"trend_maturity":0.18237225160308468,"target_exposure":0.4448316017621779,"pb_score":0.43803514128631277,"rv_score":-0.2392079889035354,"tf_fast_score":0.08309710502642426,"sr_score":-0.16147996502325637,"vol_fan_score":0.1960102183138236,"breakout_score":1.0,"consolidation_score":0.9300501419339138,"reversion_score":-0.2191785018798023,"ema_loop_score":0.3482712476609453},"consolidation_score":{"trend_score":0.04309973201381461,"momentum_score":0.012189823195826354,"trend_maturity":0.1802352429668611,"target_exposure":0.3434918036252498,"pb_score":0.2964596309128416,"rv_score":-0.1407545376439639,"tf_fast_score":0.008944156982842929,"sr_score":-0.059207712665442294,"vol_fan_score":0.2563769163412134,"breakout_score":0.9300501419339138,"consolidation_score":1.0,"reversion_score":-0.24010496106455545,"ema_loop_score":0.22832079944140762},"reversion_score":{"trend_score":-0.1876629726513673,"momentum_score":-0.2710687382741972,"trend_maturity":-0.3336230624913196,"target_exposure":-0.22936585546278224,"pb_score":-0.3769685174625259,"rv_score":0.18395855352366713,"tf_fast_score":-0.020896918976428643,"sr_score":0.12510864843424485,"vol_fan_score":0.0,"breakout_score":-0.2191785018798023,"consolidation_score":-0.24010496106455545,"reversion_score":1.0,"ema_loop_score":-0.1188650988452611},"ema_loop_score":{"trend_score":0.5299502118284679,"momentum_score":0.6029535573354508,"trend_maturity":0.21225046749252413,"target_exposure":0.7845606452324512,"pb_score":0.5960875042240463,"rv_score":-0.7247434637135832,"tf_fast_score":0.8341435973483514,"sr_score":-0.54256807401486,"vol_fan_score":-0.28099000786799855,"breakout_score":0.3482712476609453,"consolidation_score":0.22832079944140762,"reversion_score":-0.1188650988452611,"ema_loop_score":1.0}}}