{"ticker":"GLD","matrix":{"trend_score":{"trend_score":1.0,"momentum_score":0.7773913043478261,"trend_maturity":0.10236162144620034,"target_exposure":-0.35043478260869565,"wasserstein_score":0.41130434782608694,"entropy_score":-0.14782608695652175,"hurst_score":-0.15043478260869564,"score_risk_on":0.7104347826086956,"score_choppy":-0.2643478260869565,"score_transition":0.2773913043478261,"score_risk_off":-0.38,"score_crisis":-0.22211318019123183,"pb_score":0.7143615273889412,"rv_score":-0.1808695652173913,"tf_fast_score":0.8730434782608696,"sr_score":0.18411234463226073,"vol_fan_score":-0.6332724617874584,"breakout_score":-0.20613177264851043,"consolidation_score":-0.5627310417872837,"reversion_score":0.030254451040802578,"ema_loop_score":NaN},"momentum_score":{"trend_score":0.7773913043478261,"momentum_score":1.0,"trend_maturity":0.07677121608465026,"target_exposure":-0.20956521739130435,"wasserstein_score":0.20434782608695654,"entropy_score":0.07391304347826087,"hurst_score":0.059130434782608696,"score_risk_on":0.9191304347826087,"score_choppy":-0.36086956521739133,"score_transition":-0.03130434782608696,"score_risk_off":-0.4234782608695652,"score_crisis":-0.39255104907266686,"pb_score":0.8334969937380761,"rv_score":-0.40956521739130436,"tf_fast_score":0.8547826086956521,"sr_score":-0.13791688361543894,"vol_fan_score":-0.7270555189556833,"breakout_score":-0.21265493001080507,"consolidation_score":-0.5075016427865225,"reversion_score":-0.27834094957538374,"ema_loop_score":NaN},"trend_maturity":{"trend_score":0.10236162144620034,"momentum_score":0.07677121608465026,"trend_maturity":1.0,"target_exposure":-0.9032465299836012,"wasserstein_score":0.8757605390397141,"entropy_score":-0.3099282427121066,"hurst_score":0.5279205846808666,"score_risk_on":0.3317274769089826,"score_choppy":-0.8359532418106361,"score_transition":0.6009006296008428,"score_risk_off":-0.6596637826532911,"score_crisis":0.2608695652173913,"pb_score":0.413660811533166,"rv_score":0.03412054048206678,"tf_fast_score":0.04170288281141495,"sr_score":0.38529677944076135,"vol_fan_score":-0.19979352172066653,"breakout_score":0.3673495738629863,"consolidation_score":0.15025782569621504,"reversion_score":0.018136906252750294,"ema_loop_score":NaN},"target_exposure":{"trend_score":-0.35043478260869565,"momentum_score":-0.20956521739130435,"trend_maturity":-0.9032465299836012,"target_exposure":1.0,"wasserstein_score":-0.971304347826087,"entropy_score":0.5278260869565218,"hurst_score":-0.24434782608695652,"score_risk_on":-0.4043478260869565,"score_choppy":0.7947826086956522,"score_transition":-0.6904347826086956,"score_risk_off":0.571304347826087,"score_crisis":-0.39073788025477924,"pb_score":-0.4751880532789356,"rv_score":0.0008695652173913044,"tf_fast_score":-0.2826086956521739,"sr_score":-0.6413804587552937,"vol_fan_score":0.33913469157802556,"breakout_score":-0.29267232698828594,"consolidation_score":0.11437269241889925,"reversion_score":-0.10135241098668864,"ema_loop_score":NaN},"wasserstein_score":{"trend_score":0.41130434782608694,"momentum_score":0.20434782608695654,"trend_maturity":0.8757605390397141,"target_exposure":-0.971304347826087,"wasserstein_score":1.0,"entropy_score":-0.47391304347826085,"hurst_score":0.2165217391304348,"score_risk_on":0.3869565217391304,"score_choppy":-0.7504347826086957,"score_transition":0.7739130434782608,"score_risk_off":-0.5565217391304348,"score_crisis":0.3680732700311842,"pb_score":0.4733829704554639,"rv_score":0.020869565217391306,"tf_fast_score":0.2956521739130435,"sr_score":0.6259819717496864,"vol_fan_score":-0.34813407585174416,"breakout_score":0.2717982234289431,"consolidation_score":-0.13872581323813254,"reversion_score":0.17093764838053457,"ema_loop_score":NaN},"entropy_score":{"trend_score":-0.14782608695652175,"momentum_score":0.07391304347826087,"trend_maturity":-0.3099282427121066,"target_exposure":0.5278260869565218,"wasserstein_score":-0.47391304347826085,"entropy_score":1.0,"hurst_score":0.41130434782608694,"score_risk_on":-0.01652173913043478,"score_choppy":0.25478260869565217,"score_transition":-0.14608695652173914,"score_risk_off":0.12,"score_crisis":-0.47958315233127197,"pb_score":0.015343203999509792,"rv_score":0.05304347826086957,"tf_fast_score":-0.057391304347826085,"sr_score":-0.6159394802242903,"vol_fan_score":0.12409677261654009,"breakout_score":-0.07436399393015883,"consolidation_score":0.24831485692468241,"reversion_score":-0.21631932494173844,"ema_loop_score":NaN},"hurst_score":{"trend_score":-0.15043478260869564,"momentum_score":0.059130434782608696,"trend_maturity":0.5279205846808666,"target_exposure":-0.24434782608695652,"wasserstein_score":0.2165217391304348,"entropy_score":0.41130434782608694,"hurst_score":1.0,"score_risk_on":0.21913043478260869,"score_choppy":-0.5339130434782609,"score_transition":0.24521739130434783,"score_risk_off":-0.5173913043478261,"score_crisis":-0.28466750440835425,"pb_score":0.33033015669532845,"rv_score":-0.08521739130434783,"tf_fast_score":-0.12347826086956522,"sr_score":-0.3340802180781749,"vol_fan_score":0.020840679370716656,"breakout_score":0.23091977062523006,"consolidation_score":0.522287466141057,"reversion_score":-0.3464134644171895,"ema_loop_score":NaN},"score_risk_on":{"trend_score":0.7104347826086956,"momentum_score":0.9191304347826087,"trend_maturity":0.3317274769089826,"target_exposure":-0.4043478260869565,"wasserstein_score":0.3869565217391304,"entropy_score":-0.01652173913043478,"hurst_score":0.21913043478260869,"score_risk_on":1.0,"score_choppy":-0.6252173913043478,"score_transition":0.020869565217391306,"score_risk_off":-0.6956521739130435,"score_crisis":-0.4360671007019694,"pb_score":0.9264587591468707,"rv_score":-0.5191304347826087,"tf_fast_score":0.7956521739130434,"sr_score":-0.1318913887002013,"vol_fan_score":-0.7701578331087564,"breakout_score":-0.09393346601704274,"consolidation_score":-0.37747337269811615,"reversion_score":-0.36759158014575133,"ema_loop_score":NaN},"score_choppy":{"trend_score":-0.2643478260869565,"momentum_score":-0.36086956521739133,"trend_maturity":-0.8359532418106361,"target_exposure":0.7947826086956522,"wasserstein_score":-0.7504347826086957,"entropy_score":0.25478260869565217,"hurst_score":-0.5339130434782609,"score_risk_on":-0.6252173913043478,"score_choppy":1.0,"score_transition":-0.3826086956521739,"score_risk_off":0.8356521739130435,"score_crisis":0.08612551884966131,"pb_score":-0.6223023033918824,"rv_score":0.3773913043478261,"tf_fast_score":-0.3391304347826087,"sr_score":-0.1539848700560726,"vol_fan_score":0.40402498870957515,"breakout_score":-0.28006088942118296,"consolidation_score":0.060013047733110635,"reversion_score":0.2193447700458187,"ema_loop_score":NaN},"score_transition":{"trend_score":0.2773913043478261,"momentum_score":-0.03130434782608696,"trend_maturity":0.6009006296008428,"target_exposure":-0.6904347826086956,"wasserstein_score":0.7739130434782608,"entropy_score":-0.14608695652173914,"hurst_score":0.24521739130434783,"score_risk_on":0.020869565217391306,"score_choppy":-0.3826086956521739,"score_transition":1.0,"score_risk_off":-0.17217391304347826,"score_crisis":0.4551053732897893,"pb_score":0.18592353081758925,"rv_score":0.22260869565217392,"tf_fast_score":0.1191304347826087,"sr_score":0.621964975139528,"vol_fan_score":-0.03410292987935453,"breakout_score":0.2831050295235871,"consolidation_score":-0.04131332996119935,"reversion_score":0.2511119436386614,"ema_loop_score":NaN},"score_risk_off":{"trend_score":-0.38,"momentum_score":-0.4234782608695652,"trend_maturity":-0.6596637826532911,"target_exposure":0.571304347826087,"wasserstein_score":-0.5565217391304348,"entropy_score":0.12,"hurst_score":-0.5173913043478261,"score_risk_on":-0.6956521739130435,"score_choppy":0.8356521739130435,"score_transition":-0.17217391304347826,"score_risk_off":1.0,"score_crisis":0.47958315233127197,"pb_score":-0.6940543456248841,"rv_score":0.41043478260869565,"tf_fast_score":-0.39043478260869563,"sr_score":0.06159394802242904,