{"ticker":"GLD","matrix":{"trend_score":{"trend_score":1.0,"momentum_score":0.7921739130434783,"trend_maturity":0.053076396305437215,"target_exposure":-0.27391304347826084,"pb_score":0.7328636263295265,"rv_score":-0.2234782608695652,"tf_fast_score":0.8773913043478261,"sr_score":0.03481397062137293,"vol_fan_score":-0.635167069002978,"breakout_score":-0.2335290335701479,"consolidation_score":-0.5449010783303451,"reversion_score":0.030254451040802578,"ema_loop_score":NaN},"momentum_score":{"trend_score":0.7921739130434783,"momentum_score":1.0,"trend_maturity":0.06539770259062799,"target_exposure":-0.18695652173913044,"pb_score":0.8425224078554348,"rv_score":-0.41739130434782606,"tf_fast_score":0.8521739130434782,"sr_score":-0.21624831751352805,"vol_fan_score":-0.7190034382897247,"breakout_score":-0.21265493001080507,"consolidation_score":-0.4866275392271797,"reversion_score":-0.27834094957538374,"ema_loop_score":NaN},"trend_maturity":{"trend_score":0.053076396305437215,"momentum_score":0.06539770259062799,"trend_maturity":1.0,"target_exposure":-0.9032465299836012,"pb_score":0.3979210422477185,"rv_score":0.03412054048206678,"tf_fast_score":0.04170288281141495,"sr_score":0.38529677944076135,"vol_fan_score":-0.19979352172066653,"breakout_score":0.3673495738629863,"consolidation_score":0.15025782569621504,"reversion_score":0.018136906252750294,"ema_loop_score":NaN},"target_exposure":{"trend_score":-0.27391304347826084,"momentum_score":-0.18695652173913044,"trend_maturity":-0.9032465299836012,"target_exposure":1.0,"pb_score":-0.45803976645595407,"rv_score":0.0017391304347826088,"tf_fast_score":-0.2826086956521739,"sr_score":-0.6373634621451353,"vol_fan_score":0.33913469157802556,"breakout_score":-0.29267232698828594,"consolidation_score":0.11437269241889925,"reversion_score":-0.10135241098668864,"ema_loop_score":NaN},"pb_score":{"trend_score":0.7328636263295265,"momentum_score":0.8425224078554348,"trend_maturity":0.3979210422477185,"target_exposure":-0.45803976645595407,"pb_score":1.0,"rv_score":-0.37410341516451817,"tf_fast_score":0.7522682666818478,"sr_score":-0.10909751177500225,"vol_fan_score":-0.8389391594404239,"breakout_score":-0.14579213538356056,"consolidation_score":-0.24012822298468797,"reversion_score":-0.399587640278118,"ema_loop_score":NaN},"rv_score":{"trend_score":-0.2234782608695652,"momentum_score":-0.41739130434782606,"trend_maturity":0.03412054048206678,"target_exposure":0.0017391304347826088,"pb_score":-0.37410341516451817,"rv_score":1.0,"tf_fast_score":-0.44173913043478263,"sr_score":0.26445227683542905,"vol_fan_score":0.2732970908387162,"breakout_score":0.09175908022961118,"consolidation_score":0.29006306404336807,"reversion_score":0.2828791172315041,"ema_loop_score":NaN},"tf_fast_score":{"trend_score":0.8773913043478261,"momentum_score":0.8521739130434782,"trend_maturity":0.04170288281141495,"target_exposure":-0.2826086956521739,"pb_score":0.7522682666818478,"rv_score":-0.44173913043478263,"tf_fast_score":1.0,"sr_score":0.06025494915237623,"vol_fan_score":-0.6863214638220099,"breakout_score":-0.21048054422337353,"consolidation_score":-0.7227658357422454,"reversion_score":-0.03630534124896309,"ema_loop_score":NaN},"sr_score":{"trend_score":0.03481397062137293,"momentum_score":-0.21624831751352805,"trend_maturity":0.38529677944076135,"target_exposure":-0.6373634621451353,"pb_score":-0.10909751177500225,"rv_score":0.26445227683542905,"tf_fast_score":0.06025494915237623,"sr_score":1.0,"vol_fan_score":-0.008752225376672938,"breakout_score":0.1352682952234847,"consolidation_score":-0.27723304070555777,"reversion_score":0.35056926033821867,"ema_loop_score":NaN},"vol_fan_score":{"trend_score":-0.635167069002978,"momentum_score":-0.7190034382897247,"trend_maturity":-0.19979352172066653,"target_exposure":0.33913469157802556,"pb_score":-0.8389391594404239,"rv_score":0.2732970908387162,"tf_fast_score":-0.6863214638220099,"sr_score":-0.008752225376672938,"vol_fan_score":1.0,"breakout_score":0.2067939724924968,"consolidation_score":0.26696083275950044,"reversion_score":0.36007896737396095,"ema_loop_score":NaN},"breakout_score":{"trend_score":-0.2335290335701479,"momentum_score":-0.21265493001080507,"trend_maturity":0.3673495738629863,"target_exposure":-0.29267232698828594,"pb_score":-0.14579213538356056,"rv_score":0.09175908022961118,"tf_fast_score":-0.21048054422337353,"sr_score":0.1352682952234847,"vol_fan_score":0.2067939724924968,"breakout_score":1.0,"consolidation_score":0.14049586776859505,"reversion_score":-0.25873180855923106,"ema_loop_score":NaN},"consolidation_score":{"trend_score":-0.5449010783303451,"momentum_score":-0.4866275392271797,"trend_maturity":0.15025782569621504,"target_exposure":0.11437269241889925,"pb_score":-0.24012822298468797,"rv_score":0.29006306404336807,"tf_fast_score":-0.7227658357422454,"sr_score":-0.27723304070555777,"vol_fan_score":0.26696083275950044,"breakout_score":0.14049586776859505,"consolidation_score":1.0,"reversion_score":-0.2541926540231042,"ema_loop_score":NaN},"reversion_score":{"trend_score":0.030254451040802578,"momentum_score":-0.27834094957538374,"trend_maturity":0.018136906252750294,"target_exposure":-0.10135241098668864,"pb_score":-0.399587640278118,"rv_score":0.2828791172315041,"tf_fast_score":-0.03630534124896309,"sr_score":0.35056926033821867,"vol_fan_score":0.36007896737396095,"breakout_score":-0.25873180855923106,"consolidation_score":-0.2541926540231042,"reversion_score":1.0,"ema_loop_score":NaN},"ema_loop_score":{"trend_score":NaN,"momentum_score":NaN,"trend_maturity":NaN,"target_exposure":NaN,"pb_score":NaN,"rv_score":NaN,"tf_fast_score":NaN,"sr_score":NaN,"vol_fan_score":NaN,"breakout_score":NaN,"consolidation_score":NaN,"reversion_score":NaN,"ema_loop_score":NaN}}}