{"ticker":"QQQ","matrix":{"trend_score":{"trend_score":1.0,"momentum_score":0.6060869565217392,"trend_maturity":0.6281625670973567,"target_exposure":0.9130434782608695,"wasserstein_score":0.0008695652173913044,"entropy_score":0.44782608695652176,"hurst_score":0.042608695652173914,"score_risk_on":0.7252173913043478,"score_choppy":-0.662608695652174,"score_transition":-0.54,"score_risk_off":-0.6808695652173913,"score_crisis":0.3617391304347826,"pb_score":0.36086956521739133,"rv_score":-0.648695652173913,"tf_fast_score":0.6161882229252741,"sr_score":-0.6314308632147124,"vol_fan_score":-0.7131020665641677,"breakout_score":-0.1174423773562671,"consolidation_score":-0.10700305492459891,"reversion_score":-0.22591967055246226,"ema_loop_score":0.5005173307126191},"momentum_score":{"trend_score":0.6060869565217392,"momentum_score":1.0,"trend_maturity":0.09764636712686184,"target_exposure":0.8121739130434783,"wasserstein_score":-0.10173913043478261,"entropy_score":-0.15565217391304348,"hurst_score":-0.07478260869565218,"score_risk_on":0.8765217391304347,"score_choppy":-0.6365217391304347,"score_transition":-0.6052173913043478,"score_risk_off":-0.44,"score_crisis":0.5147826086956522,"pb_score":0.7078260869565217,"rv_score":-0.3843478260869565,"tf_fast_score":0.6588340180147352,"sr_score":-0.21465861575069695,"vol_fan_score":-0.8208551942274633,"breakout_score":-0.5963462939090451,"consolidation_score":-0.43453679621818825,"reversion_score":-0.34641016151377546,"ema_loop_score":0.5733198515435455},"trend_maturity":{"trend_score":0.6281625670973567,"momentum_score":0.09764636712686184,"trend_maturity":1.0,"target_exposure":0.4350494392527148,"wasserstein_score":0.09328715430869837,"entropy_score":0.7205778788424224,"hurst_score":0.015693166145388508,"score_risk_on":0.19703641938098906,"score_choppy":-0.2702711947261354,"score_transition":-0.24585960294442,"score_risk_off":-0.4267669348982042,"score_crisis":0.33653122956222026,"pb_score":0.02266790665445007,"rv_score":-0.657369292979052,"tf_fast_score":0.1518326919535094,"sr_score":-0.6628986841020792,"vol_fan_score":-0.3233415816595911,"breakout_score":0.31051098679173716,"consolidation_score":0.35891930074381984,"reversion_score":-0.3171158794467152,"ema_loop_score":0.520076456378791},"target_exposure":{"trend_score":0.9130434782608695,"momentum_score":0.8121739130434783,"trend_maturity":0.4350494392527148,"target_exposure":1.0,"wasserstein_score":-0.09391304347826086,"entropy_score":0.24434782608695652,"hurst_score":-0.00608695652173913,"score_risk_on":0.8469565217391304,"score_choppy":-0.6939130434782609,"score_transition":-0.6304347826086957,"score_risk_off":-0.628695652173913,"score_crisis":0.4547826086956522,"pb_score":0.46956521739130436,"rv_score":-0.5747826086956521,"tf_fast_score":0.7310707729621896,"sr_score":-0.5166674907246213,"vol_fan_score":-0.7898507565507603,"breakout_score":-0.3214441365417829,"consolidation_score":-0.19356243675384763,"reversion_score":-0.25604229329279055,"ema_loop_score":0.5369185911280823},"wasserstein_score":{"trend_score":0.0008695652173913044,"momentum_score":-0.10173913043478261,"trend_maturity":0.09328715430869837,"target_exposure":-0.09391304347826086,"wasserstein_score":1.0,"entropy_score":0.12608695652173912,"hurst_score":-0.38521739130434784,"score_risk_on":-0.13652173913043478,"score_choppy":0.11565217391304349,"score_transition":0.6356521739130435,"score_risk_off":0.1808695652173913,"score_crisis":0.5278260869565218,"pb_score":-0.00608695652173913,"rv_score":0.2382608695652174,"tf_fast_score":-0.3202786243453402,"sr_score":-0.1477520342180122,"vol_fan_score":0.237361842541316,"breakout_score":-0.34797741438893953,"consolidation_score":-0.5106568556157688,"reversion_score":0.25604229329279055,"ema_loop_score":-0.17290598697345022},"entropy_score":{"trend_score":0.44782608695652176,"momentum_score":-0.15565217391304348,"trend_maturity":0.7205778788424224,"target_exposure":0.24434782608695652,"wasserstein_score":0.12608695652173912,"entropy_score":1.0,"hurst_score":-0.028695652173913042,"score_risk_on":-0.1408695652173913,"score_choppy":0.17739130434782607,"score_transition":0.06521739130434782,"score_risk_off":0.035652173913043476,"score_crisis":0.22434782608695653,"pb_score":-0.00608695652173913,"rv_score":-0.48869565217391303,"tf_fast_score":0.27154057281452754,"sr_score":-0.8028789783922171,"vol_fan_score":-0.2180476026771404,"breakout_score":0.25402351250392585,"consolidation_score":0.5071770814718793,"reversion_score":0.01506131137016415,"ema_loop_score":0.19110661718118183},"hurst_score":{"trend_score":0.042608695652173914,"momentum_score":-0.07478260869565218,"trend_maturity":0.015693166145388508,"target_exposure":-0.00608695652173913,"wasserstein_score":-0.38521739130434784,"entropy_score":-0.028695652173913042,"hurst_score":1.0,"score_risk_on":0.1391304347826087,"score_choppy":-0.3,"score_transition":-0.24869565217391304,"score_risk_off":-0.37478260869565216,"score_crisis":-0.39304347826086955,"pb_score":-0.2756521739130435,"rv_score":0.009565217391304347,"tf_fast_score":-0.14882512163873146,"sr_score":0.2625154067081034,"vol_fan_score":-0.005590964171208728,"breakout_score":0.32883865659754785,"consolidation_score":0.2514136818960088,"reversion_score":-0.2861649160331189,"ema_loop_score":0.11830409635025542},"score_risk_on":{"trend_score":0.7252173913043478,"momentum_score":0.8765217391304347,"trend_maturity":0.19703641938098906,"target_exposure":0.8469565217391304,"wasserstein_score":-0.13652173913043478,"entropy_score":-0.1408695652173913,"hurst_score":0.1391304347826087,"score_risk_on":1.0,"score_choppy":-0.8913043478260869,"score_transition":-0.7434782608695653,"score_risk_off":-0.7617391304347826,"score_crisis":0.3982608695652174,"pb_score":0.4426086956521739,"rv_score":-0.44608695652173913,"tf_fast_score":0.5265450210025294,"sr_score":-0.18074069594593314,"vol_fan_score":-0.7923921039013098,"breakout_score":-0.3988691112433219,"consolidation_score":-0.38842978881165374,"reversion_score":-0.25604229329279055,"ema_loop_score":0.5369185911280823},"score_choppy":{"trend_score":-0.662608695652174,"momentum_score":-0.6365217391304347,"trend_maturity":-0.2702711947261354,"target_exposure":-0.6939130434782609,"wasserstein_score":0.11565217391304349,"entropy_score":0.17739130434782607,"hurst_score":-0.3,"score_risk_on":-0.8913043478260869,"score_choppy":1.0,"score_transition":0.731304347826087,"score_risk_off":0.9130434782608695,"score_crisis":-0.2643478260869565,"pb_score":-0.13043478260869565,"rv_score":0.4295652173913043,"tf_fast_score":-0.25326380349047284,"sr_score":0.1059354207600842,"vol_fan_score":0.5306333267947193,"breakout_score":0.10265333724473716,"consolidation_score":0.26011311725573233,"reversion_score":0.19579704781213395,"ema_loop_score":-0.5187179609203507},"score_transition":{"trend_score":-0.54,"momentum_score":-0.6052173913043478,"trend_maturity":-0.24585960294442,"target_exposure":-0.6304347826086957,"wasserstein_score":0.6356521739130435,"entropy_score":0.06521739130434782,"hurst_score":-0.24869565217391304,"score_risk_on":-0.7434782608695653,"score_choppy":0.731304347826087,"score_transition":1.0,"score_risk_off":0.7234782608695652,"score_crisis":-0.09652173913043478,"pb_score":-0.2373913043478261,"rv_score":0.5391304347826087,"tf_fast_score":-0.5369888891877035,"sr_score":0.1589031311401263,"vol_fan_score":0.6322872208166962,"breakout_score":-0.030013051991046036,"consolidation_score":-0.13875599398758964,"reversion_score":0.3162875387734472,"ema_loop_score":-0.5551192213358139},"score_risk_off":{"trend_score":-0.6808695652173913,"momentum_score":-0.44,"trend_maturity":-0.4267669348982042,"target_exposure":-0.628695652173913,"wasserstein_score":0.1808695652173913,"entropy_score":0.035652173913043476,"hurst_score":-0.37478260869565216,"score_risk_on":-0.7617391304347826,"score_choppy":0.9130434782608695,"score_transition":0.7234782608695652,"score_risk_off":1.0,"score_crisis":-0.11652173913043479,"pb_score":0.0017391304347826088,