{"1":{"x_labels":["(-0.755, -0.448]","(-0.448, -0.142]","(-0.142, 0.163]","(0.163, 0.469]","(0.469, 0.774]"],"y_labels":["(-0.951, -0.565]","(-0.565, -0.18]","(-0.18, 0.204]","(0.204, 0.589]","(0.589, 0.973]"],"z":[[0.004438652758006547,-0.0015751069139193705,0.011174409723197106,-0.004171694140672188,0.0],[-0.025892085850638402,-0.0019723834521809627,-0.024241277433279685,-0.0025855349672940786,-0.002514250041217192],[0.045459694911846205,-0.025598683841215625,0.002348554279616745,0.03258879284495673,-0.020517465971550464],[0.0,-0.013816889518957876,-0.010762997284664344,0.019602454176361663,0.0799065767401778],[0.0,0.0427576425304502,-0.00507852021548896,-0.0047645729127080835,0.0059951975319197225]]},"3":{"x_labels":["(-0.755, -0.448]","(-0.448, -0.142]","(-0.142, 0.163]","(0.163, 0.469]","(0.469, 0.774]"],"y_labels":["(-0.951, -0.565]","(-0.565, -0.18]","(-0.18, 0.204]","(0.204, 0.589]","(0.589, 0.973]"],"z":[[0.019818018147440657,-0.02095229528896033,0.007329276046862836,0.015346737840394364,0.0],[0.03436111192766353,-0.044908116870948166,-0.0768909322331354,0.0036856927818248453,0.051543468877761844],[0.05867186038997829,-0.01769642576752628,0.010875821791957072,0.08798302996857166,0.046700557322919334],[0.0,0.00446727628157928,-0.026537750502254997,0.030322008255416817,0.09209666512984849],[0.0,0.08795041842251425,0.010668688921983105,-0.020377651953707228,-0.005161006801480398]]},"6":{"x_labels":["(-0.755, -0.448]","(-0.448, -0.142]","(-0.142, 0.163]","(0.163, 0.469]","(0.469, 0.774]"],"y_labels":["(-0.951, -0.565]","(-0.565, -0.18]","(-0.18, 0.204]","(0.204, 0.589]","(0.589, 0.973]"],"z":[[-0.00104882624019514,-0.005035393526509162,0.0035792841396060323,-0.0026778935654102167,0.0],[0.06130695386030077,-0.033958668214449796,-0.10569667710502326,0.055287395847757506,0.0897488621270306],[0.04208996469552728,-0.05221156549882133,0.06444228749404189,0.1066559014466019,0.12413353505603175],[0.0,-0.008538782317361568,-0.031937201606110355,0.029566689194778104,0.044917446138247295],[0.0,0.09003568565398364,-0.0033694519976974037,-0.0013770302432097347,-0.003504800771999645]]}}