{"1":{"x_labels":["(-0.811, -0.494]","(-0.494, -0.179]","(-0.179, 0.136]","(0.136, 0.452]","(0.452, 0.767]"],"y_labels":["(-0.975, -0.582]","(-0.582, -0.191]","(-0.191, 0.201]","(0.201, 0.592]","(0.592, 0.983]"],"z":[[-0.0055553285456376245,0.0004765195719279782,0.005610655954028561,0.020402480821385238,0.0],[-0.004939576029850901,0.04433974828196711,-0.010275172875782279,0.004856718901831949,-0.05367596391642193],[0.03707232801234017,-0.01345726554650728,-0.0027032611286444885,-0.031507777883630725,-0.01103059853515781],[0.05419215772584596,0.03655101609406849,0.008002090205369818,0.01713830086165108,7.514839229982861e-05],[-0.019149882681417818,-0.006713546872411269,0.0006905192332333159,0.021426959253968994,0.013114843418235288]]},"3":{"x_labels":["(-0.811, -0.494]","(-0.494, -0.179]","(-0.179, 0.136]","(0.136, 0.452]","(0.452, 0.767]"],"y_labels":["(-0.975, -0.582]","(-0.582, -0.191]","(-0.191, 0.201]","(0.201, 0.592]","(0.592, 0.983]"],"z":[[0.052218992249277285,-0.03251219095424624,0.010226148794241413,0.06836586678473056,0.0],[0.03563549999871493,0.03945874861743041,-0.03786856042670398,-0.030307115596802856,0.030042914439707857],[0.04164683821473769,-0.0030607133497686195,0.02760086974003672,-0.036489618324053064,-0.016889958152846496],[0.0831128597721329,0.011306709647029067,0.0070414906469797745,0.05773401576480749,0.04256755479618013],[0.06693515308217979,-0.04078111789953315,0.008041992606449777,0.05323399461556783,0.05133319142978803]]},"6":{"x_labels":["(-0.811, -0.499]","(-0.499, -0.187]","(-0.187, 0.124]","(0.124, 0.435]","(0.435, 0.746]"],"y_labels":["(-0.975, -0.582]","(-0.582, -0.191]","(-0.191, 0.201]","(0.201, 0.592]","(0.592, 0.983]"],"z":[[0.04571782133825496,-0.031479522054321814,-0.0032900121112694005,0.018124580795104928,0.0],[0.04819763922775527,0.0491778268197595,-0.014813215718418538,-0.07854619397277157,0.016387059703444784],[0.0,0.03573500954318663,0.06988263180380146,-0.047700016290703695,0.05431455376204112],[0.07672653942053342,0.001547555312740941,0.010463848041817535,0.1281096571219363,0.07282280158017818],[0.07937362636762435,0.03033185289725049,0.03862791590149002,0.07836491688093113,0.11770610201826566]]}}