{"1":{"x_labels":["(-0.584, -0.312]","(-0.312, -0.0406]","(-0.0406, 0.23]","(0.23, 0.501]","(0.501, 0.772]"],"y_labels":["(-0.95, -0.564]","(-0.564, -0.18]","(-0.18, 0.205]","(0.205, 0.589]","(0.589, 0.974]"],"z":[[0.0151428362787428,0.019570046083119335,0.0030087263135775144,0.03147244803044543,0.0],[0.09706352137404928,-0.0020001001103363003,0.04440227140424369,0.020852125095426628,0.06303853717634667],[0.04667896502251456,0.02954371968295405,0.00759136323190236,0.016030489924027336,-0.019493663826460634],[0.013968234619466058,0.0004729115969351605,0.016691306904470044,0.00873774239944934,0.02492019683996638],[0.0,0.0,0.027695439008657126,0.01141129806340464,0.006085755680595769]]},"3":{"x_labels":["(-0.584, -0.312]","(-0.312, -0.0406]","(-0.0406, 0.23]","(0.23, 0.501]","(0.501, 0.772]"],"y_labels":["(-0.95, -0.564]","(-0.564, -0.18]","(-0.18, 0.205]","(0.205, 0.589]","(0.589, 0.974]"],"z":[[-0.016097791384492743,0.05114061348328305,0.07318292570874717,0.12053472654404536,0.0],[0.11723897953437845,0.006167662278770969,0.09928489956517635,0.018089159902792657,0.08769948110502201],[-0.10997363166484475,0.1274880453161967,0.08068698258105758,0.03475691240153183,-0.0341696187273578],[0.1777265526921954,-0.001733885490767556,0.05320048315900821,0.05867087376894675,0.026819573687131754],[0.0,0.0,0.07919949574370347,0.02662541047818304,0.03471570028457172]]},"6":{"x_labels":["(-0.584, -0.312]","(-0.312, -0.0406]","(-0.0406, 0.23]","(0.23, 0.501]","(0.501, 0.772]"],"y_labels":["(-0.95, -0.564]","(-0.564, -0.18]","(-0.18, 0.205]","(0.205, 0.589]","(0.589, 0.974]"],"z":[[0.0013372536755645592,0.12234862112564003,0.1765547059978542,0.09910113247643859,0.0],[0.25473389883747555,0.018338774104137062,0.1614649387464091,0.09959880451457466,0.12051237242054191],[-0.13432535211242158,0.18560900594226096,0.11477260001183436,0.0828731693397958,0.08274082694955338],[0.2832488629506762,0.039045782565997306,0.10210069371933628,0.1361942074790657,0.125736562183423],[0.0,0.0,0.13032054605780807,0.057068075181299985,0.09042027870433621]]}}