{"1":{"x_labels":["(-0.637, -0.343]","(-0.343, -0.0511]","(-0.0511, 0.241]","(0.241, 0.534]","(0.534, 0.826]"],"y_labels":["(-0.951, -0.564]","(-0.564, -0.179]","(-0.179, 0.206]","(0.206, 0.591]","(0.591, 0.977]"],"z":[[0.0861409183138672,0.008619253541530739,0.00033371869056261376,0.03294646443059531,0.0],[0.07961326321025641,-0.004222230230412349,0.016697792121760098,0.024096975216947997,0.0],[-0.06942098579429268,-0.03540817544524205,0.01703192976611764,0.008219677696926565,0.0],[0.0,-0.009115619106920159,0.02418922460429621,0.0131524555416314,0.011724214651256415],[0.0,0.024309147520755525,0.017703126327952578,0.006742050656970403,0.007745112006274685]]},"3":{"x_labels":["(-0.637, -0.343]","(-0.343, -0.0511]","(-0.0511, 0.241]","(0.241, 0.534]","(0.534, 0.826]"],"y_labels":["(-0.951, -0.564]","(-0.564, -0.179]","(-0.179, 0.206]","(0.206, 0.591]","(0.591, 0.977]"],"z":[[0.032167442570495086,0.0739547977555679,0.03444942816678507,0.05649165120255092,0.0],[0.11433853446674364,0.07247503444805717,0.03538611095898381,0.03729598182142007,0.0],[0.027954523253348906,0.06444659074098331,0.04531079132956739,0.028409517463128402,0.0],[0.0,-0.007793265652600911,0.0731773324782425,0.00560912648471347,0.03615849573633852],[0.0,0.06836524646741027,0.01821732420237769,0.030537518936339342,0.023025967342086718]]},"6":{"x_labels":["(-0.637, -0.343]","(-0.343, -0.0511]","(-0.0511, 0.241]","(0.241, 0.534]","(0.534, 0.826]"],"y_labels":["(-0.951, -0.564]","(-0.564, -0.179]","(-0.179, 0.206]","(0.206, 0.591]","(0.591, 0.977]"],"z":[[0.08761016339052285,0.08140387622816354,0.07250860431643684,0.12077560650480927,0.0],[0.17416092025295737,0.1408616958222073,0.06363600227566127,0.08518414861304059,0.0],[0.13404023416900857,0.14570258379096357,0.032516430207004725,0.09889911778689275,0.0],[0.0,0.020734441260178465,0.09522105092350551,0.03317278369453888,0.09895809429681113],[0.0,0.03238351718573851,0.050725003064417885,0.07077266693176319,0.05289064349168014]]}}